-- MySQL dump 10.13  Distrib 5.7.12, for Win64 (x86_64)
--
-- Host: 127.0.0.1    Database: engine_indicators
-- ------------------------------------------------------
-- Server version	5.7.16-log

/*!40101 SET @OLD_CHARACTER_SET_CLIENT=@@CHARACTER_SET_CLIENT */;
/*!40101 SET @OLD_CHARACTER_SET_RESULTS=@@CHARACTER_SET_RESULTS */;
/*!40101 SET @OLD_COLLATION_CONNECTION=@@COLLATION_CONNECTION */;
/*!40101 SET NAMES utf8 */;
/*!40103 SET @OLD_TIME_ZONE=@@TIME_ZONE */;
/*!40103 SET TIME_ZONE='+00:00' */;
/*!40014 SET @OLD_UNIQUE_CHECKS=@@UNIQUE_CHECKS, UNIQUE_CHECKS=0 */;
/*!40014 SET @OLD_FOREIGN_KEY_CHECKS=@@FOREIGN_KEY_CHECKS, FOREIGN_KEY_CHECKS=0 */;
/*!40101 SET @OLD_SQL_MODE=@@SQL_MODE, SQL_MODE='NO_AUTO_VALUE_ON_ZERO' */;
/*!40111 SET @OLD_SQL_NOTES=@@SQL_NOTES, SQL_NOTES=0 */;

--
-- Table structure for table `equity_data_indiactors`
--

DROP TABLE IF EXISTS `equity_data_indiactors`;
/*!40101 SET @saved_cs_client     = @@character_set_client */;
/*!40101 SET character_set_client = utf8 */;
CREATE TABLE `equity_data_indiactors` (
  `ROW_ID` int(5) NOT NULL AUTO_INCREMENT,
  `SYMBOL` varchar(45) NOT NULL,
  `CURR_DATE` date NOT NULL,
  `PREV_CLOSE` float(10,2) DEFAULT NULL,
  `OPEN_PRICE` float(10,2) DEFAULT NULL,
  `HIGH_PRICE` float(10,2) DEFAULT NULL,
  `LOW_PRICE` float(10,2) DEFAULT NULL,
  `LAST_PRICE` float(10,2) DEFAULT NULL,
  `CLOSE_PRICE` float(10,2) DEFAULT NULL,
  `AVERAGE_PRICE` float(10,2) DEFAULT NULL,
  `TOTAL_TRADED_QUANTITY` float(20,2) DEFAULT NULL,
  `TURNOVER` float(20,2) DEFAULT NULL,
  `NO_OF_TRADES` int(11) DEFAULT NULL,
  `DELIVERABLE_QTY` int(11) DEFAULT NULL,
  `PERCENT_DELIVERABLE_QTY` float(10,2) DEFAULT NULL,
  PRIMARY KEY (`ROW_ID`)
) ENGINE=InnoDB AUTO_INCREMENT=256 DEFAULT CHARSET=utf8;
/*!40101 SET character_set_client = @saved_cs_client */;

--
-- Dumping data for table `equity_data_indiactors`
--

LOCK TABLES `equity_data_indiactors` WRITE;
/*!40000 ALTER TABLE `equity_data_indiactors` DISABLE KEYS */;
INSERT INTO `equity_data_indiactors` VALUES (1,'AUROPHARMA','2016-06-17',735.85,740.00,742.30,724.50,724.50,727.80,729.66,1619700.00,1181830016.00,63572,740339,45.71),(2,'AUROPHARMA','2016-06-20',727.80,730.90,741.60,719.25,738.10,738.30,729.87,1661400.00,1212610048.00,45825,654033,39.37),(3,'AUROPHARMA','2016-06-21',738.30,742.00,746.25,718.80,720.70,721.30,730.42,1733000.00,1265820032.00,44194,956252,55.18),(4,'AUROPHARMA','2016-06-22',721.30,722.80,735.00,714.20,719.25,720.55,723.93,1423820.00,1030739968.00,43624,400397,28.12),(5,'AUROPHARMA','2016-06-23',720.55,724.20,729.45,718.85,724.20,725.65,724.61,921774.00,667921984.00,30343,287638,31.20),(6,'AUROPHARMA','2016-06-24',725.65,700.00,707.05,667.05,704.30,700.90,687.30,3406850.00,2341530112.00,73080,1288439,37.82),(7,'AUROPHARMA','2016-06-27',700.90,703.00,726.80,700.05,722.95,723.90,718.58,2058280.00,1479040000.00,42015,836401,40.64),(8,'AUROPHARMA','2016-06-28',723.90,727.50,734.90,725.50,729.05,730.10,731.03,1031390.00,753974976.00,43326,428668,41.56),(9,'AUROPHARMA','2016-06-29',730.10,736.45,742.00,732.00,737.00,738.00,737.71,1197040.00,883062016.00,40886,657037,54.89),(10,'AUROPHARMA','2016-06-30',738.00,743.00,748.00,739.20,742.00,742.50,743.79,1573750.00,1170540032.00,46886,910478,57.85),(11,'AUROPHARMA','2016-07-01',742.50,746.50,752.90,743.00,745.90,746.25,748.07,854154.00,638963008.00,24400,360624,42.22),(12,'AUROPHARMA','2016-07-04',746.25,750.00,762.00,749.80,758.80,757.80,757.55,1556510.00,1179139968.00,44594,974744,62.62),(13,'AUROPHARMA','2016-07-05',757.80,760.00,773.00,746.70,772.00,771.00,761.35,2031470.00,1546649984.00,63554,923039,45.44),(14,'AUROPHARMA','2016-07-07',771.00,775.00,778.70,758.60,765.50,762.85,768.05,1728270.00,1327399936.00,58397,859369,49.72),(15,'AUROPHARMA','2016-07-08',762.85,771.00,782.40,769.90,777.00,778.95,776.48,2123860.00,1649129984.00,54150,1216151,57.26),(16,'AUROPHARMA','2016-07-11',778.95,779.00,791.00,779.00,784.00,787.40,786.40,1482020.00,1165459968.00,60574,714619,48.22),(17,'AUROPHARMA','2016-07-12',787.40,779.00,783.40,775.00,779.00,779.10,778.60,956663.00,744860032.00,31063,368681,38.54),(18,'AUROPHARMA','2016-07-13',779.10,778.00,781.00,768.15,771.00,774.20,775.64,1051420.00,815528000.00,28991,534835,50.87),(19,'AUROPHARMA','2016-07-14',774.20,774.00,779.00,771.10,776.00,775.80,775.35,1058770.00,820913984.00,37479,548064,51.76),(20,'AUROPHARMA','2016-07-15',775.80,775.00,779.00,756.40,759.00,761.50,770.52,1206340.00,929507968.00,29763,596248,49.43),(21,'AUROPHARMA','2016-07-18',761.50,765.35,765.35,747.05,750.95,750.40,751.70,1344480.00,1010640000.00,33575,685692,51.00),(22,'AUROPHARMA','2016-07-19',750.40,751.80,763.75,747.60,761.00,760.70,757.07,728462.00,551494976.00,18865,346971,47.63),(23,'AUROPHARMA','2016-07-20',760.70,770.40,800.80,770.15,799.95,798.05,789.84,3134860.00,2476039936.00,65858,1351865,43.12),(24,'AUROPHARMA','2016-07-21',798.05,808.00,813.95,788.00,788.95,790.30,803.21,2103440.00,1689510016.00,44814,693642,32.98),(25,'AUROPHARMA','2016-07-22',790.30,791.85,809.80,791.05,799.75,798.55,801.01,1297570.00,1039360000.00,28041,412155,31.76),(26,'AUROPHARMA','2016-07-25',798.55,803.10,805.85,791.00,798.30,799.45,798.67,1119360.00,893996032.00,46390,522210,46.65),(27,'AUROPHARMA','2016-07-26',799.45,802.00,802.45,781.10,781.75,784.10,793.01,1288500.00,1021800000.00,31171,777376,60.33),(28,'AUROPHARMA','2016-07-27',784.10,785.00,796.50,774.60,794.00,794.60,789.46,1006850.00,794870976.00,23315,423154,42.03),(29,'AUROPHARMA','2016-07-28',794.60,798.00,798.00,776.05,779.50,779.30,784.48,2493590.00,1956179968.00,34406,1826751,73.26),(30,'AUROPHARMA','2016-07-29',779.30,783.30,798.70,781.00,792.50,791.45,790.94,1418900.00,1122259968.00,25961,854691,60.24),(31,'AUROPHARMA','2016-08-01',791.45,798.95,806.80,782.00,788.90,787.75,793.77,1453300.00,1153590016.00,27095,480413,33.06),(32,'AUROPHARMA','2016-08-02',787.75,791.25,792.50,761.30,762.85,763.75,772.37,2215120.00,1710889984.00,64349,1244692,56.19),(33,'AUROPHARMA','2016-08-03',763.75,763.90,787.00,740.25,748.00,746.70,751.94,2187870.00,1645139968.00,44403,1144428,52.31),(34,'AUROPHARMA','2016-08-04',746.70,756.30,760.00,745.10,753.80,750.95,752.11,1098740.00,826377024.00,37946,366855,33.39),(35,'AUROPHARMA','2016-08-05',750.95,754.65,772.70,752.35,769.00,769.95,765.78,1225060.00,938121984.00,51256,426028,34.78),(36,'AUROPHARMA','2016-08-08',769.95,774.00,782.00,767.75,771.00,772.50,773.65,1361600.00,1053400000.00,45134,676302,49.67),(37,'AUROPHARMA','2016-08-09',772.50,775.00,778.75,755.80,763.00,763.95,766.70,1344360.00,1030710016.00,54938,450929,33.54),(38,'AUROPHARMA','2016-08-10',763.95,767.80,771.25,743.60,745.00,745.50,752.98,1957660.00,1474080000.00,41643,927753,47.39),(39,'AUROPHARMA','2016-08-11',745.50,751.00,754.95,736.10,751.50,749.95,745.74,1550330.00,1156150016.00,58715,527954,34.05),(40,'AUROPHARMA','2016-08-12',749.95,752.95,759.30,742.80,744.90,747.45,751.13,1099350.00,825747968.00,29680,386174,35.13),(41,'AUROPHARMA','2016-08-16',747.45,750.00,751.20,729.00,734.50,733.95,734.72,1666670.00,1224530048.00,75189,857380,51.44),(42,'AUROPHARMA','2016-08-17',733.95,733.95,751.40,732.25,751.00,749.15,745.05,1011950.00,753953024.00,33241,435153,43.00),(43,'AUROPHARMA','2016-08-18',749.15,753.00,762.40,744.30,751.05,753.65,754.62,925884.00,698689984.00,28679,382245,41.28),(44,'AUROPHARMA','2016-08-19',753.65,750.80,766.50,748.85,765.50,765.05,760.78,1259280.00,958030976.00,56966,635021,50.43),(45,'AUROPHARMA','2016-08-22',765.05,767.75,774.00,745.20,747.00,750.15,756.86,2097450.00,1587469952.00,57113,903251,43.06),(46,'AUROPHARMA','2016-08-23',750.15,750.00,750.00,730.40,738.00,736.60,739.69,2729950.00,2019320064.00,82082,1045105,38.28),(47,'AUROPHARMA','2016-08-24',736.60,759.30,790.95,750.10,787.50,787.80,775.28,7364070.00,5709199872.00,135366,1391765,18.90),(48,'AUROPHARMA','2016-08-25',787.80,798.00,804.80,788.00,790.25,789.85,796.54,4776500.00,3804659968.00,82380,1567686,32.82),(49,'AUROPHARMA','2016-08-26',789.85,791.00,797.20,784.05,789.40,789.95,789.70,1998550.00,1578249984.00,56860,757099,37.88),(50,'AUROPHARMA','2016-08-29',789.95,792.50,798.20,780.65,790.00,786.65,786.85,2185410.00,1719590016.00,56800,1115517,51.04),(51,'AUROPHARMA','2016-08-30',786.65,794.00,802.00,788.30,800.00,798.55,794.62,1541060.00,1224560000.00,39199,725932,47.11),(52,'AUROPHARMA','2016-08-31',798.55,803.45,805.00,788.00,790.35,790.85,794.92,1836800.00,1460109952.00,53363,969226,52.77),(53,'AUROPHARMA','2016-09-01',790.85,790.60,792.35,770.00,772.50,773.40,778.66,1603560.00,1248630016.00,35520,724707,45.19),(54,'AUROPHARMA','2016-09-02',773.40,775.00,784.90,766.35,778.50,779.60,778.35,1435950.00,1117670016.00,33829,536047,37.33),(55,'AUROPHARMA','2016-09-06',779.60,785.00,786.90,773.55,778.15,777.65,779.32,1104640.00,860867008.00,31503,461119,41.74),(56,'AUROPHARMA','2016-09-07',777.65,780.00,789.90,778.05,782.15,783.25,784.62,1120060.00,878817024.00,33516,517128,46.17),(57,'AUROPHARMA','2016-09-08',783.25,787.60,809.90,777.00,809.50,807.20,795.32,2545950.00,2024850048.00,55209,1080140,42.43),(58,'AUROPHARMA','2016-09-09',807.20,811.15,818.50,799.40,802.90,802.35,810.49,2741200.00,2221720064.00,71691,981263,35.80),(59,'AUROPHARMA','2016-09-12',802.35,792.00,798.00,779.60,780.70,782.35,788.01,1358800.00,1070750016.00,52843,625358,46.02),(60,'AUROPHARMA','2016-09-14',782.35,783.00,790.00,776.80,782.00,783.20,783.56,906566.00,710348992.00,25858,273728,30.19),(61,'AUROPHARMA','2016-09-15',783.20,785.00,801.00,778.10,780.10,782.60,790.46,1594700.00,1260550016.00,32240,478158,29.98),(62,'AUROPHARMA','2016-09-16',782.60,786.00,799.60,783.10,786.00,785.15,791.35,1464910.00,1159250048.00,31301,478551,32.67),(63,'AUROPHARMA','2016-09-19',785.15,788.95,806.00,788.05,805.50,804.85,798.90,1902580.00,1519980032.00,40557,775967,40.78),(64,'AUROPHARMA','2016-09-20',804.85,810.00,814.50,801.75,807.00,805.95,809.39,2023790.00,1638040064.00,47781,777338,38.41),(65,'AUROPHARMA','2016-09-21',805.95,809.90,814.65,803.55,806.00,807.65,809.19,1511930.00,1223440000.00,35759,615156,40.69),(66,'AUROPHARMA','2016-09-22',807.65,814.00,859.75,811.25,855.15,856.95,840.15,7694610.00,6464659968.00,132265,2747338,35.70),(67,'AUROPHARMA','2016-09-23',856.95,860.45,862.90,832.35,836.40,841.15,853.19,3445220.00,2939440128.00,94663,1048044,30.42),(68,'AUROPHARMA','2016-09-26',841.15,842.00,849.00,835.00,836.55,838.70,841.92,1622230.00,1365789952.00,39046,658428,40.59),(69,'AUROPHARMA','2016-09-27',838.70,842.00,864.90,839.05,861.00,860.55,858.00,3242810.00,2782340096.00,74839,1138042,35.09),(70,'AUROPHARMA','2016-09-28',860.55,871.10,882.80,866.15,869.10,869.35,874.11,3685020.00,3221100032.00,65677,1393033,37.80),(71,'AUROPHARMA','2016-09-29',869.35,876.00,876.50,784.35,831.45,825.25,835.42,4591240.00,3835630080.00,85374,2210853,48.15),(72,'AUROPHARMA','2016-09-30',825.25,829.90,859.80,818.05,857.00,855.45,845.71,2665450.00,2254180096.00,63570,961466,36.07),(73,'AUROPHARMA','2016-10-03',855.45,862.00,873.95,860.00,869.60,870.00,867.36,1421420.00,1232889984.00,30866,480919,33.83),(74,'AUROPHARMA','2016-10-04',870.00,870.00,883.00,864.25,867.00,867.85,873.10,1140720.00,995969984.00,24321,279841,24.53),(75,'AUROPHARMA','2016-10-05',867.85,872.95,873.00,860.30,867.00,866.35,865.43,1320550.00,1142850048.00,32636,546089,41.35),(76,'AUROPHARMA','2016-10-06',866.35,874.00,895.00,851.40,858.75,856.85,874.15,2835230.00,2478409984.00,58965,773057,27.27),(77,'AUROPHARMA','2016-10-07',856.85,841.60,875.00,834.50,855.45,855.80,851.52,19421500.00,16537799680.00,94165,11064930,56.97),(78,'AUROPHARMA','2016-10-10',855.80,859.95,863.70,849.10,857.55,856.75,856.24,1248030.00,1068609984.00,25149,375127,30.06),(79,'AUROPHARMA','2016-10-13',856.75,853.95,853.95,817.65,822.00,821.05,831.47,2225470.00,1850409984.00,59778,987940,44.39),(80,'AUROPHARMA','2016-10-14',821.05,825.20,829.60,813.10,824.50,823.55,821.82,1777820.00,1461049984.00,45335,864430,48.62),(81,'AUROPHARMA','2016-10-17',823.55,830.00,830.00,806.05,809.00,809.50,817.15,1185530.00,968756992.00,34647,447456,37.74),(82,'AUROPHARMA','2016-10-18',809.50,815.00,837.95,812.00,835.00,835.05,828.31,1672370.00,1385240064.00,33933,564849,33.78),(83,'AUROPHARMA','2016-10-19',835.05,839.45,840.40,825.10,827.00,827.95,832.17,1120960.00,932822976.00,21819,331588,29.58),(84,'AUROPHARMA','2016-10-20',827.95,833.05,833.05,822.30,826.00,825.85,826.78,969072.00,801209984.00,30777,433300,44.71),(85,'AUROPHARMA','2016-10-21',825.85,827.95,827.95,819.00,823.95,822.80,822.59,853057.00,701718976.00,24289,408733,47.91),(86,'AUROPHARMA','2016-10-24',822.80,825.10,825.90,814.70,820.00,818.40,818.01,1067060.00,872862016.00,27332,645306,60.48),(87,'AUROPHARMA','2016-10-25',818.40,819.50,831.25,819.00,827.00,824.90,825.36,1027160.00,847772032.00,28631,379289,36.93),(88,'AUROPHARMA','2016-10-26',824.90,821.20,823.85,803.05,805.00,805.70,812.87,1088750.00,885017984.00,30506,624315,57.34),(89,'AUROPHARMA','2016-10-27',805.70,806.95,815.95,798.60,810.00,807.90,809.52,1389820.00,1125090048.00,32774,746031,53.68),(90,'AUROPHARMA','2016-10-28',807.90,804.00,825.15,800.25,813.00,811.80,813.21,2041720.00,1660359936.00,46493,1152965,56.47),(91,'AUROPHARMA','2016-10-30',811.80,814.95,825.65,813.00,819.00,818.05,819.72,330586.00,270987008.00,5442,188749,57.10),(92,'AUROPHARMA','2016-11-01',818.05,824.80,826.75,806.80,807.50,809.10,817.00,1108120.00,905326976.00,35157,518822,46.82),(93,'AUROPHARMA','2016-11-02',809.10,803.00,803.00,786.60,790.45,789.50,791.08,1080540.00,854798976.00,34271,562599,52.07),(94,'AUROPHARMA','2016-11-03',789.50,793.00,795.00,767.00,770.00,769.30,780.06,1491110.00,1163149952.00,36512,558569,37.46),(95,'AUROPHARMA','2016-11-04',769.30,761.10,769.00,707.50,745.00,728.10,732.65,5798530.00,4248270080.00,108321,2343367,40.41),(96,'AUROPHARMA','2016-11-07',728.10,756.00,776.50,750.70,767.10,767.30,765.22,3012390.00,2305129984.00,52289,1081174,35.89),(97,'AUROPHARMA','2016-11-08',767.30,773.00,774.00,749.40,753.05,755.65,757.77,1288030.00,976035968.00,30324,285345,22.15),(98,'AUROPHARMA','2016-11-09',755.65,700.15,771.60,680.10,754.80,759.65,737.41,4672670.00,3445659904.00,91530,1681142,35.98),(99,'AUROPHARMA','2016-11-10',759.65,772.25,804.40,772.25,793.15,792.20,791.73,2889100.00,2287389952.00,65693,1333434,46.15),(100,'AUROPHARMA','2016-11-11',792.20,785.00,795.30,767.05,775.75,772.20,781.97,1891460.00,1479069952.00,43077,727379,38.46),(101,'AUROPHARMA','2016-11-15',772.20,783.50,791.00,728.90,737.00,733.90,756.12,3077800.00,2327200000.00,81274,1265677,41.12),(102,'AUROPHARMA','2016-11-16',733.90,746.00,757.00,698.00,711.00,714.25,717.70,4153680.00,2981080064.00,110477,1947026,46.87),(103,'AUROPHARMA','2016-11-17',714.25,710.10,722.90,704.00,714.05,710.10,712.83,2864150.00,2041650048.00,60605,1543846,53.90),(104,'AUROPHARMA','2016-11-18',710.10,715.05,727.80,712.55,721.80,722.40,722.35,1791830.00,1294329984.00,35741,710837,39.67),(105,'AUROPHARMA','2016-11-21',722.40,725.00,727.25,710.00,710.95,712.20,718.22,1648260.00,1183810048.00,47492,845401,51.29),(106,'AUROPHARMA','2016-11-22',712.20,719.90,729.50,704.10,719.05,720.15,718.59,2012920.00,1446470016.00,47103,630934,31.34),(107,'AUROPHARMA','2016-11-23',720.15,725.95,732.15,716.70,730.90,730.20,726.55,1674690.00,1216760064.00,42000,799308,47.73),(108,'AUROPHARMA','2016-11-24',730.20,728.90,729.95,705.10,711.00,709.65,713.93,2520800.00,1799680000.00,44997,1609362,63.84),(109,'AUROPHARMA','2016-11-25',709.65,716.90,744.40,712.40,738.35,740.65,732.93,1948130.00,1427840000.00,52727,683925,35.11),(110,'AUROPHARMA','2016-11-28',740.65,740.50,748.10,732.85,737.00,736.85,737.79,1677930.00,1237959936.00,52345,905194,53.95),(111,'AUROPHARMA','2016-11-29',736.85,740.70,746.90,730.20,744.75,740.55,741.16,1504960.00,1115399936.00,47073,648844,43.11),(112,'AUROPHARMA','2016-11-30',740.55,745.20,749.50,736.80,741.50,740.80,741.83,1432420.00,1062600000.00,58495,782759,54.65),(113,'AUROPHARMA','2016-12-01',740.80,744.90,756.90,738.40,743.45,743.15,747.97,1251380.00,935993024.00,25887,238982,19.10),(114,'AUROPHARMA','2016-12-02',743.15,743.45,743.45,717.00,722.00,719.55,727.36,1457780.00,1060339968.00,30110,613638,42.09),(115,'AUROPHARMA','2016-12-05',719.55,723.50,730.60,714.95,726.35,724.20,722.96,1033310.00,747036032.00,29193,432634,41.87),(116,'AUROPHARMA','2016-12-06',724.20,730.00,735.35,726.45,730.90,731.25,732.05,743112.00,543993984.00,18635,256916,34.57),(117,'AUROPHARMA','2016-12-07',731.25,735.00,735.00,719.00,725.00,722.65,724.65,901214.00,653062016.00,31276,326110,36.19),(118,'AUROPHARMA','2016-12-08',722.65,727.10,727.80,715.50,721.10,720.50,719.64,1652730.00,1189369984.00,46829,932522,56.42),(119,'AUROPHARMA','2016-12-09',720.50,723.00,727.90,720.00,722.90,723.90,723.61,1182220.00,855465024.00,34321,770285,65.16),(120,'AUROPHARMA','2016-12-12',723.90,722.90,723.90,712.05,714.00,715.30,716.22,751910.00,538534016.00,34134,336067,44.70),(121,'AUROPHARMA','2016-12-13',715.30,717.00,721.45,715.00,719.50,718.60,718.49,915784.00,657980992.00,44547,541692,59.15),(122,'AUROPHARMA','2016-12-14',718.60,718.60,722.00,696.00,701.00,702.45,702.74,3022140.00,2123769984.00,78457,1281365,42.40),(123,'AUROPHARMA','2016-12-15',702.45,693.55,708.00,689.05,694.10,694.25,696.95,1875200.00,1306919936.00,60951,1015176,54.14),(124,'AUROPHARMA','2016-12-16',694.25,683.85,699.50,664.10,690.00,690.65,681.16,4824290.00,3286099968.00,102742,1162185,24.09),(125,'AUROPHARMA','2016-12-19',690.65,690.00,712.45,689.35,697.90,698.70,704.69,2793940.00,1968850048.00,52677,849165,30.39),(126,'AUROPHARMA','2016-12-20',698.70,686.10,694.70,669.35,673.25,672.65,680.85,5039080.00,3430870016.00,78884,1686193,33.46),(127,'AUROPHARMA','2016-12-21',672.65,682.00,687.30,663.55,664.15,665.10,672.09,2930320.00,1969440000.00,68284,1297344,44.27),(128,'AUROPHARMA','2016-12-22',665.10,667.95,670.50,655.65,661.00,659.00,661.36,1497020.00,990057984.00,42536,404750,27.04),(129,'AUROPHARMA','2016-12-23',659.00,663.90,667.15,645.35,649.00,647.55,655.16,2210790.00,1448429952.00,49189,724580,32.77),(130,'AUROPHARMA','2016-12-26',647.55,646.00,646.00,621.90,623.25,624.50,628.54,2718620.00,1708760064.00,47102,1160119,42.67),(131,'AUROPHARMA','2016-12-27',624.50,627.00,649.00,623.00,644.35,644.70,636.88,1851140.00,1178960000.00,40295,513022,27.71),(132,'AUROPHARMA','2016-12-28',644.70,648.95,660.00,641.35,653.20,651.75,653.22,1720190.00,1123660032.00,34485,568759,33.06),(133,'AUROPHARMA','2016-12-29',651.75,654.30,655.50,644.60,646.15,647.20,648.48,1232700.00,799382976.00,25176,537141,43.57),(134,'AUROPHARMA','2016-12-30',647.20,655.00,672.50,652.00,668.00,669.30,666.28,2681230.00,1786450048.00,60332,1125919,41.99),(135,'AUROPHARMA','2017-01-02',669.30,673.00,678.80,661.10,675.30,675.50,672.34,1185520.00,797068992.00,24475,237500,20.03),(136,'AUROPHARMA','2017-01-03',675.50,674.00,675.00,666.35,673.15,672.20,671.31,794617.00,533432000.00,16236,240251,30.23),(137,'AUROPHARMA','2017-01-04',672.20,675.00,678.95,664.20,666.50,666.95,670.77,1108900.00,743819008.00,19584,493889,44.54),(138,'AUROPHARMA','2017-01-05',666.95,670.00,688.70,666.40,684.00,686.25,681.05,2070870.00,1410360064.00,53484,890325,42.99),(139,'AUROPHARMA','2017-01-06',686.25,686.50,710.00,683.00,689.65,692.40,689.90,1493440.00,1030329984.00,38272,542986,36.36),(140,'AUROPHARMA','2017-01-09',692.40,721.00,722.30,692.00,695.00,694.55,704.59,3556330.00,2505750016.00,54693,847289,23.82),(141,'AUROPHARMA','2017-01-10',694.55,699.00,703.80,690.20,699.00,699.65,696.08,1514710.00,1054350016.00,37270,405821,26.79),(142,'AUROPHARMA','2017-01-11',699.65,702.90,706.95,700.15,703.00,704.90,703.50,1006490.00,708062016.00,20904,229777,22.83),(143,'AUROPHARMA','2017-01-12',704.90,690.00,699.45,678.40,694.40,694.80,691.96,1985180.00,1373670016.00,39011,430744,21.70),(144,'AUROPHARMA','2017-01-13',694.80,694.70,713.75,694.00,703.00,704.45,705.94,1765130.00,1246089984.00,44366,656600,37.20),(145,'AUROPHARMA','2017-01-16',704.45,703.95,709.50,697.60,702.50,703.30,704.91,674389.00,475382016.00,14075,188286,27.92),(146,'AUROPHARMA','2017-01-17',703.30,700.70,714.25,700.70,706.10,707.40,708.30,943233.00,668089024.00,24724,321385,34.07),(147,'AUROPHARMA','2017-01-18',707.40,706.10,730.00,705.40,728.00,724.90,719.35,1518080.00,1092039936.00,46560,588317,38.75),(148,'AUROPHARMA','2017-01-19',724.90,730.80,730.80,712.55,714.00,714.65,718.86,1149040.00,826003008.00,23447,415486,36.16),(149,'AUROPHARMA','2017-01-20',714.65,711.30,719.25,695.00,697.25,698.05,705.32,1137000.00,801953984.00,28485,411136,36.16),(150,'AUROPHARMA','2017-01-23',698.05,695.00,697.00,681.30,693.05,692.20,690.08,985241.00,679897984.00,23890,283195,28.74),(151,'AUROPHARMA','2017-01-24',692.20,690.00,713.70,686.30,711.15,711.60,703.02,1483700.00,1043070016.00,43083,436302,29.41),(152,'AUROPHARMA','2017-01-25',711.60,712.00,715.00,704.25,705.00,705.65,708.12,909846.00,644284992.00,23620,415110,45.62),(153,'AUROPHARMA','2017-01-27',705.65,709.80,717.55,706.75,713.25,713.60,712.42,995407.00,709148032.00,22968,375531,37.73),(154,'AUROPHARMA','2017-01-30',713.60,713.90,714.35,693.00,696.00,695.20,699.92,1294200.00,905841024.00,29950,563769,43.56),(155,'AUROPHARMA','2017-01-31',695.20,698.70,700.10,679.00,682.00,681.80,687.13,999332.00,686672000.00,31091,337555,33.78),(156,'AUROPHARMA','2017-02-01',681.80,675.00,678.15,660.00,666.00,667.95,666.21,2425970.00,1616189952.00,53595,1186232,48.90),(157,'AUROPHARMA','2017-02-02',667.95,666.15,692.20,656.55,689.00,689.75,679.92,4560950.00,3101100032.00,70752,2369770,51.96),(158,'AUROPHARMA','2017-02-03',689.75,693.00,695.70,681.30,681.65,684.70,687.37,2530290.00,1739239936.00,63128,1516865,59.95),(159,'AUROPHARMA','2017-02-06',684.70,693.90,709.30,670.20,705.60,706.45,692.62,5661790.00,3921459968.00,105567,2541387,44.89),(160,'AUROPHARMA','2017-02-07',706.45,712.00,714.65,698.35,700.55,701.15,707.20,1914900.00,1354210048.00,46479,689094,35.99),(161,'AUROPHARMA','2017-02-08',701.15,701.70,705.00,689.00,696.70,696.65,696.22,1535410.00,1068979968.00,32283,665415,43.34),(162,'AUROPHARMA','2017-02-09',696.65,703.90,713.90,701.25,707.00,706.75,708.69,2880780.00,2041570048.00,50181,1077386,37.40),(163,'AUROPHARMA','2017-02-10',706.75,705.00,705.00,676.20,678.05,679.30,685.22,3609170.00,2473090048.00,65224,1305670,36.18),(164,'AUROPHARMA','2017-02-13',679.30,680.00,683.50,659.00,660.70,661.95,665.09,3267330.00,2173060096.00,88674,1635089,50.04),(165,'AUROPHARMA','2017-02-14',661.95,665.00,669.70,653.65,655.85,658.35,661.02,2191890.00,1448870016.00,49612,949632,43.32),(166,'AUROPHARMA','2017-02-15',658.35,659.00,661.90,633.00,635.00,636.00,644.83,2627760.00,1694450048.00,50671,1329487,50.59),(167,'AUROPHARMA','2017-02-16',636.00,638.00,663.45,628.25,662.05,657.15,646.45,4131930.00,2671099904.00,122318,2336165,56.54),(168,'AUROPHARMA','2017-02-17',657.15,662.05,672.50,657.85,664.10,664.65,666.28,4250270.00,2831869952.00,69772,2433124,57.25),(169,'AUROPHARMA','2017-02-20',664.65,666.90,674.50,665.50,669.00,669.40,671.13,1466610.00,984286976.00,26348,675651,46.07),(170,'AUROPHARMA','2017-02-21',669.40,672.00,697.75,669.30,684.40,686.05,682.64,4633920.00,3163290112.00,71371,2217055,47.84),(171,'AUROPHARMA','2017-02-22',686.05,687.20,688.30,665.25,676.05,678.20,679.01,2338060.00,1587559936.00,51021,1389329,59.42),(172,'AUROPHARMA','2017-02-23',678.20,678.00,680.90,663.00,667.50,666.25,670.52,4259200.00,2855859968.00,75098,2791896,65.55),(173,'AUROPHARMA','2017-02-27',666.25,673.00,686.60,671.25,679.80,679.35,679.18,2479170.00,1683820032.00,54134,1003766,40.49),(174,'AUROPHARMA','2017-02-28',679.35,683.00,685.85,675.25,678.00,677.20,680.02,1455620.00,989852032.00,35528,686480,47.16),(175,'AUROPHARMA','2017-03-01',677.20,680.35,686.85,676.40,680.00,678.25,681.70,2205100.00,1503219968.00,36389,1179044,53.47),(176,'AUROPHARMA','2017-03-02',678.25,680.25,684.25,666.55,666.95,668.25,673.72,1479000.00,996438016.00,38922,696014,47.06),(177,'AUROPHARMA','2017-03-03',668.25,669.80,676.00,665.65,674.95,674.90,672.32,1176700.00,791115008.00,32976,466603,39.65),(178,'AUROPHARMA','2017-03-06',674.90,677.95,678.00,665.00,667.05,667.80,668.22,1741990.00,1164029952.00,35833,987049,56.66),(179,'AUROPHARMA','2017-03-07',667.80,669.90,671.95,662.70,664.80,664.45,667.23,1960900.00,1308359936.00,29708,1290245,65.80),(180,'AUROPHARMA','2017-03-08',664.45,665.05,674.70,660.00,665.20,666.15,668.31,2066720.00,1381200000.00,32358,925305,44.77),(181,'AUROPHARMA','2017-03-09',666.15,664.20,665.25,655.10,656.00,658.15,660.05,1701060.00,1122790016.00,37675,1047598,61.59),(182,'AUROPHARMA','2017-03-10',658.15,663.00,666.40,649.90,651.90,652.50,657.18,2862940.00,1881459968.00,46738,1829748,63.91),(183,'AUROPHARMA','2017-03-14',652.50,665.00,669.00,654.05,662.00,662.20,663.45,3576590.00,2372879872.00,49744,2251977,62.96),(184,'AUROPHARMA','2017-03-15',662.20,666.00,679.90,665.20,676.80,678.00,674.44,1826100.00,1231600000.00,33114,746159,40.86),(185,'AUROPHARMA','2017-03-16',678.00,682.00,692.90,678.50,687.45,687.60,688.08,2214300.00,1523609984.00,45759,981052,44.31),(186,'AUROPHARMA','2017-03-17',687.60,690.00,694.00,677.50,687.00,687.55,685.59,2286130.00,1567340032.00,39075,1292717,56.55),(187,'AUROPHARMA','2017-03-20',687.55,690.10,706.75,684.30,705.00,704.90,698.04,2341210.00,1634249984.00,47119,1005211,42.94),(188,'AUROPHARMA','2017-03-21',704.90,710.00,710.35,687.60,690.10,691.75,695.54,2013000.00,1400130048.00,40186,635947,31.59),(189,'AUROPHARMA','2017-03-22',691.75,687.60,690.90,677.50,678.95,680.55,683.25,1537580.00,1050550016.00,30900,606194,39.43),(190,'AUROPHARMA','2017-03-23',680.55,681.00,691.80,681.00,686.10,686.80,686.75,1160450.00,796942016.00,33273,501786,43.24),(191,'AUROPHARMA','2017-03-24',686.80,687.95,697.00,685.05,689.00,688.80,692.17,1251300.00,866110016.00,31404,592378,47.34),(192,'AUROPHARMA','2017-03-27',688.80,673.55,681.00,665.25,673.00,670.10,673.35,2714440.00,1827769984.00,46551,1112155,40.97),(193,'AUROPHARMA','2017-03-28',670.10,673.00,683.85,673.00,678.75,679.00,679.37,1668310.00,1133400064.00,41881,857052,51.37),(194,'AUROPHARMA','2017-03-29',679.00,682.40,683.50,669.35,670.00,670.25,673.63,1460930.00,984120000.00,52419,825833,56.53),(195,'AUROPHARMA','2017-03-30',670.25,673.00,681.50,667.50,672.00,671.70,674.04,4173660.00,2813220096.00,105457,2789600,66.84),(196,'AUROPHARMA','2017-03-31',671.70,673.40,677.40,670.20,675.00,675.20,674.08,1136530.00,766115008.00,29849,619786,54.53),(197,'AUROPHARMA','2017-04-03',675.20,675.50,684.40,673.00,681.50,682.95,679.10,1420570.00,964713024.00,38465,763719,53.76),(198,'AUROPHARMA','2017-04-05',682.95,683.40,687.00,670.05,675.20,677.50,679.61,1374000.00,933784000.00,49785,795672,57.91),(199,'AUROPHARMA','2017-04-06',677.50,673.00,674.95,667.50,670.70,670.45,670.06,1452180.00,973041024.00,37108,884876,60.93),(200,'AUROPHARMA','2017-04-07',670.45,670.45,670.75,655.60,658.80,658.05,663.55,1607600.00,1066720000.00,45583,964925,60.02),(201,'AUROPHARMA','2017-04-10',658.05,663.00,663.85,653.50,655.35,654.95,657.79,1079690.00,710206016.00,40807,525103,48.63),(202,'AUROPHARMA','2017-04-11',654.95,655.00,660.90,654.25,654.90,655.15,656.70,757999.00,497780000.00,16415,317412,41.87),(203,'AUROPHARMA','2017-04-12',655.15,656.00,660.00,648.05,658.10,656.50,652.98,1385640.00,904792000.00,26367,464711,33.54),(204,'AUROPHARMA','2017-04-13',656.50,657.25,665.00,654.15,657.60,658.05,659.44,1087490.00,717132992.00,25121,398776,36.67),(205,'AUROPHARMA','2017-04-17',658.05,658.05,660.75,651.10,651.60,652.85,653.88,626090.00,409387008.00,14210,260439,41.60),(206,'AUROPHARMA','2017-04-18',652.85,656.30,675.80,654.00,664.90,664.30,669.27,3663120.00,2451599872.00,42141,2043839,55.80),(207,'AUROPHARMA','2017-04-19',664.30,668.00,670.15,631.00,639.40,640.05,648.54,3067220.00,1989219968.00,54490,1242906,40.52),(208,'AUROPHARMA','2017-04-20',640.05,645.00,645.00,632.00,634.50,634.40,636.19,1727880.00,1099250048.00,45323,912854,52.83),(209,'AUROPHARMA','2017-04-21',634.40,639.00,643.95,630.10,633.30,633.20,636.27,1195620.00,760742976.00,34752,400785,33.52),(210,'AUROPHARMA','2017-04-24',633.20,633.30,634.70,626.00,626.35,627.35,628.46,991575.00,623169984.00,20018,442716,44.65),(211,'AUROPHARMA','2017-04-25',627.35,627.80,632.20,621.00,622.90,622.80,624.75,1421590.00,888131968.00,45229,652951,45.93),(212,'AUROPHARMA','2017-04-26',622.80,625.00,627.90,618.45,625.00,624.65,624.28,1253580.00,782579968.00,49263,611759,48.80),(213,'AUROPHARMA','2017-04-27',624.65,624.65,629.75,605.00,605.80,607.05,614.76,2650870.00,1629660032.00,54990,1374940,51.87),(214,'AUROPHARMA','2017-04-28',607.05,610.00,623.35,604.10,608.00,606.75,612.71,3566220.00,2185070080.00,71959,1671112,46.86),(215,'AUROPHARMA','2017-05-02',606.75,607.00,616.30,591.00,598.50,596.80,601.53,2714510.00,1632860032.00,56528,985963,36.32),(216,'AUROPHARMA','2017-05-03',596.80,599.40,603.80,582.05,585.95,584.65,588.99,2751190.00,1620429952.00,52715,1149703,41.79),(217,'AUROPHARMA','2017-05-04',584.65,587.00,599.80,581.60,591.55,591.75,591.81,2404370.00,1422930048.00,67027,1090172,45.34),(218,'AUROPHARMA','2017-05-05',591.75,593.10,606.00,583.40,589.25,589.00,594.02,2633130.00,1564120064.00,63323,860452,32.68),(219,'AUROPHARMA','2017-05-08',589.00,592.00,607.00,590.20,604.20,604.65,599.29,1589640.00,952654976.00,35848,450387,28.33),(220,'AUROPHARMA','2017-05-09',604.65,608.30,609.00,588.00,595.80,594.35,595.70,4458800.00,2656110080.00,53513,2430808,54.52),(221,'AUROPHARMA','2017-05-10',594.35,600.00,621.75,598.55,619.00,618.95,614.56,4083440.00,2509530112.00,94145,1398864,34.26),(222,'AUROPHARMA','2017-05-11',618.95,618.95,626.80,614.60,623.00,623.55,622.65,2189520.00,1363299968.00,42284,987994,45.12),(223,'AUROPHARMA','2017-05-12',623.55,625.00,626.00,613.10,623.10,623.70,620.35,1480780.00,918598016.00,43268,711056,48.02),(224,'AUROPHARMA','2017-05-15',623.70,626.70,626.70,611.55,613.60,613.95,616.40,1092100.00,673168000.00,33934,574544,52.61),(225,'AUROPHARMA','2017-05-16',613.95,614.00,618.50,611.15,614.40,614.50,614.28,893215.00,548681024.00,24516,394519,44.17),(226,'AUROPHARMA','2017-05-17',614.50,615.00,624.00,605.20,607.60,607.35,613.56,1377700.00,845294976.00,39350,503411,36.54),(227,'AUROPHARMA','2017-05-18',607.35,605.00,611.50,597.20,598.00,601.05,605.01,1218490.00,737193984.00,23942,398160,32.68),(228,'AUROPHARMA','2017-05-19',601.05,604.90,606.00,593.55,595.00,595.30,599.38,995991.00,596976000.00,37655,418116,41.98),(229,'AUROPHARMA','2017-05-22',595.30,598.60,598.90,574.00,574.50,575.15,583.45,2340140.00,1365350016.00,73113,1327375,56.72),(230,'AUROPHARMA','2017-05-23',575.15,578.50,578.50,538.00,540.00,541.70,546.55,5373000.00,2936610048.00,123104,2834643,52.76),(231,'AUROPHARMA','2017-05-24',541.70,541.70,542.90,521.00,526.75,526.20,532.30,6102010.00,3248100096.00,125696,3845912,63.03),(232,'AUROPHARMA','2017-05-25',526.20,526.00,531.50,515.80,528.20,525.55,524.36,5009820.00,2626949888.00,75566,2950811,58.90),(233,'AUROPHARMA','2017-05-26',525.55,526.10,542.55,525.00,533.85,532.50,533.16,3627710.00,1934140032.00,52135,1741496,48.01),(234,'AUROPHARMA','2017-05-29',532.50,535.00,544.50,503.05,511.00,512.40,521.22,7497600.00,3907889920.00,138216,2779172,37.07),(235,'AUROPHARMA','2017-05-30',512.40,511.50,584.50,506.55,582.00,580.30,557.87,19391000.00,10817699840.00,230520,3690941,19.03),(236,'AUROPHARMA','2017-05-31',580.30,583.00,583.95,567.50,570.05,574.15,573.12,5299300.00,3037120000.00,116193,1515746,28.60),(237,'AUROPHARMA','2017-06-01',574.15,575.00,606.60,570.25,578.70,579.65,591.65,7782010.00,4604219904.00,111384,1031136,13.25),(238,'AUROPHARMA','2017-06-02',579.65,582.75,598.90,575.25,592.45,593.40,589.42,5863500.00,3456079872.00,67447,1997783,34.07),(239,'AUROPHARMA','2017-06-05',593.40,596.40,603.00,590.25,593.60,592.95,597.24,1775150.00,1060179968.00,29096,420558,23.69),(240,'AUROPHARMA','2017-06-06',592.95,598.00,598.00,583.55,585.10,585.15,588.81,2015760.00,1186899968.00,42404,823257,40.84),(241,'AUROPHARMA','2017-06-07',585.15,586.00,600.00,581.05,598.00,598.00,593.73,3192100.00,1895260032.00,69744,857726,26.87),(242,'AUROPHARMA','2017-06-08',598.00,600.90,613.50,599.10,606.00,605.05,606.63,3288920.00,1995160064.00,67224,850073,25.85),(243,'AUROPHARMA','2017-06-09',605.05,607.50,612.00,598.10,606.30,608.60,607.06,2076220.00,1260400000.00,40942,656740,31.63),(244,'AUROPHARMA','2017-06-12',608.60,609.40,616.25,605.50,607.55,607.65,611.65,1913630.00,1170470016.00,28903,645896,33.75),(245,'AUROPHARMA','2017-06-13',607.65,610.00,617.80,601.20,603.95,604.25,608.86,2469910.00,1503820032.00,50528,984812,39.87),(246,'AUROPHARMA','2017-06-14',604.25,607.00,608.60,596.40,602.65,602.10,601.26,1847550.00,1110860032.00,43830,787554,42.63),(247,'AUROPHARMA','2017-06-15',602.10,602.00,648.40,599.00,644.05,643.90,633.39,13574500.00,8598020096.00,186848,4121396,30.36),(248,'AUROPHARMA','2017-06-16',643.90,649.70,663.50,648.00,653.00,653.70,655.52,9785720.00,6414770176.00,146055,3372945,34.47);
/*!40000 ALTER TABLE `equity_data_indiactors` ENABLE KEYS */;
UNLOCK TABLES;

--
-- Table structure for table `equity_data_indiactors_archive`
--

DROP TABLE IF EXISTS `equity_data_indiactors_archive`;
/*!40101 SET @saved_cs_client     = @@character_set_client */;
/*!40101 SET character_set_client = utf8 */;
CREATE TABLE `equity_data_indiactors_archive` (
  `ROW_ID` int(5) NOT NULL AUTO_INCREMENT,
  `SYMBOL` varchar(45) NOT NULL,
  `CURR_DATE` date NOT NULL,
  `PREV_CLOSE` float(10,2) DEFAULT NULL,
  `OPEN_PRICE` float(10,2) DEFAULT NULL,
  `HIGH_PRICE` float(10,2) DEFAULT NULL,
  `LOW_PRICE` float(10,2) DEFAULT NULL,
  `LAST_PRICE` float(10,2) DEFAULT NULL,
  `CLOSE_PRICE` float(10,2) DEFAULT NULL,
  `AVERAGE_PRICE` float(10,2) DEFAULT NULL,
  `TOTAL_TRADED_QUANTITY` float(20,2) DEFAULT NULL,
  `TURNOVER` float(20,2) DEFAULT NULL,
  `NO_OF_TRADES` int(11) DEFAULT NULL,
  `DELIVERABLE_QTY` int(11) DEFAULT NULL,
  `PERCENT_DELIVERABLE_QTY` float(10,2) DEFAULT NULL,
  PRIMARY KEY (`ROW_ID`,`SYMBOL`)
) ENGINE=InnoDB AUTO_INCREMENT=256 DEFAULT CHARSET=utf8;
/*!40101 SET character_set_client = @saved_cs_client */;

--
-- Dumping data for table `equity_data_indiactors_archive`
--

LOCK TABLES `equity_data_indiactors_archive` WRITE;
/*!40000 ALTER TABLE `equity_data_indiactors_archive` DISABLE KEYS */;
INSERT INTO `equity_data_indiactors_archive` VALUES (244,'YESBANK','2017-06-16',1446.15,1449.00,1458.35,1437.00,1445.00,1443.50,1445.72,2925670.00,4229720064.00,90575,1710644,58.47);
/*!40000 ALTER TABLE `equity_data_indiactors_archive` ENABLE KEYS */;
UNLOCK TABLES;

--
-- Table structure for table `rsi_backtest_confidence`
--

DROP TABLE IF EXISTS `rsi_backtest_confidence`;
/*!40101 SET @saved_cs_client     = @@character_set_client */;
/*!40101 SET character_set_client = utf8 */;
CREATE TABLE `rsi_backtest_confidence` (
  `rsi_evaluation_run_id` int(11) NOT NULL,
  `symbol` varchar(45) DEFAULT NULL,
  `one_day_confidence_value` float DEFAULT NULL,
  `three_day_confidence_value` float DEFAULT NULL,
  PRIMARY KEY (`rsi_evaluation_run_id`)
) ENGINE=InnoDB DEFAULT CHARSET=utf8;
/*!40101 SET character_set_client = @saved_cs_client */;

--
-- Dumping data for table `rsi_backtest_confidence`
--

LOCK TABLES `rsi_backtest_confidence` WRITE;
/*!40000 ALTER TABLE `rsi_backtest_confidence` DISABLE KEYS */;
INSERT INTO `rsi_backtest_confidence` VALUES (144,'AUROPHARMA',13.2672,123.864);
/*!40000 ALTER TABLE `rsi_backtest_confidence` ENABLE KEYS */;
UNLOCK TABLES;

--
-- Table structure for table `rsi_evaluation_run_backtest_data`
--

DROP TABLE IF EXISTS `rsi_evaluation_run_backtest_data`;
/*!40101 SET @saved_cs_client     = @@character_set_client */;
/*!40101 SET character_set_client = utf8 */;
CREATE TABLE `rsi_evaluation_run_backtest_data` (
  `rsi_evaluation_run_id` int(11) NOT NULL AUTO_INCREMENT,
  `symbol` varchar(45) NOT NULL,
  `curr_date` date NOT NULL,
  `current_market_trend` int(11) NOT NULL COMMENT 'trend for the current symbol/stock',
  `curr_signal` int(11) NOT NULL,
  `stop_loss_level` decimal(10,2) DEFAULT NULL,
  `stop_loss_level_price` decimal(10,2) DEFAULT NULL,
  `one_day_confidence_value` float DEFAULT NULL,
  `three_day_confidence_value` float DEFAULT NULL,
  PRIMARY KEY (`rsi_evaluation_run_id`,`symbol`,`curr_date`)
) ENGINE=InnoDB AUTO_INCREMENT=151 DEFAULT CHARSET=utf8;
/*!40101 SET character_set_client = @saved_cs_client */;

--
-- Dumping data for table `rsi_evaluation_run_backtest_data`
--

LOCK TABLES `rsi_evaluation_run_backtest_data` WRITE;
/*!40000 ALTER TABLE `rsi_evaluation_run_backtest_data` DISABLE KEYS */;
INSERT INTO `rsi_evaluation_run_backtest_data` VALUES (144,'AUROPHARMA','2016-07-15',1,1,48.17,700.90,-325.668,250.74),(144,'AUROPHARMA','2016-08-29',1,1,33.92,733.95,131.665,102.561),(144,'AUROPHARMA','2016-08-30',1,1,33.92,733.95,5.03365,3.77524),(144,'AUROPHARMA','2016-08-31',1,1,33.92,733.95,-272.732,-204.549),(144,'AUROPHARMA','2016-09-01',1,1,33.92,733.95,-5.30822,8.47654),(144,'AUROPHARMA','2016-09-02',1,1,33.92,733.95,16.6169,80.5553),(144,'AUROPHARMA','2016-09-06',1,1,33.92,733.95,90.6771,399.964),(144,'AUROPHARMA','2017-06-15',1,1,23.67,512.40,465.853,349.39),(146,'BEML','2016-07-15',1,1,43.46,830.50,NULL,NULL),(146,'BEML','2016-12-12',1,1,33.09,827.95,NULL,NULL),(146,'BEML','2016-12-13',1,1,33.09,827.95,NULL,NULL),(146,'BEML','2016-12-14',1,1,33.09,827.95,NULL,NULL),(146,'BEML','2016-12-15',1,1,33.09,827.95,NULL,NULL),(146,'BEML','2016-12-16',1,1,33.09,827.95,NULL,NULL),(146,'BEML','2016-12-19',1,1,33.09,827.95,NULL,NULL),(146,'BEML','2016-12-20',1,1,33.09,827.95,NULL,NULL),(146,'BEML','2016-12-21',1,1,33.09,827.95,NULL,NULL),(146,'BEML','2016-12-22',1,1,33.09,827.95,NULL,NULL),(146,'BEML','2017-06-15',1,1,33.79,1233.75,NULL,NULL),(150,'FEDERALBNK','2016-07-15',1,1,48.65,55.05,NULL,NULL),(150,'FEDERALBNK','2017-01-12',1,1,32.25,65.75,NULL,NULL),(150,'FEDERALBNK','2017-01-13',1,1,32.25,65.75,NULL,NULL),(150,'FEDERALBNK','2017-01-16',1,1,32.25,65.75,NULL,NULL),(150,'FEDERALBNK','2017-01-17',1,1,32.25,65.75,NULL,NULL),(150,'FEDERALBNK','2017-01-18',1,1,32.25,65.75,NULL,NULL),(150,'FEDERALBNK','2017-01-19',1,1,32.25,65.75,NULL,NULL),(150,'FEDERALBNK','2017-01-20',1,1,32.25,65.75,NULL,NULL),(150,'FEDERALBNK','2017-05-30',1,1,32.78,108.75,NULL,NULL),(150,'FEDERALBNK','2017-05-31',1,1,32.78,108.75,NULL,NULL),(150,'FEDERALBNK','2017-06-01',1,1,32.78,108.75,NULL,NULL),(150,'FEDERALBNK','2017-06-02',1,1,32.78,108.75,NULL,NULL),(150,'FEDERALBNK','2017-06-05',1,1,32.78,108.75,NULL,NULL),(150,'FEDERALBNK','2017-06-06',1,1,32.78,108.75,NULL,NULL),(150,'FEDERALBNK','2017-06-07',1,1,32.78,108.75,NULL,NULL),(150,'FEDERALBNK','2017-06-08',1,1,32.78,108.75,NULL,NULL),(150,'FEDERALBNK','2017-06-09',1,1,32.78,108.75,NULL,NULL),(150,'FEDERALBNK','2017-06-12',1,1,32.78,108.75,NULL,NULL),(150,'FEDERALBNK','2017-06-13',1,1,32.78,108.75,NULL,NULL),(150,'FEDERALBNK','2017-06-14',1,1,32.78,108.75,NULL,NULL),(150,'FEDERALBNK','2017-06-15',1,1,32.78,108.75,NULL,NULL);
/*!40000 ALTER TABLE `rsi_evaluation_run_backtest_data` ENABLE KEYS */;
UNLOCK TABLES;

--
-- Table structure for table `rsi_evaluation_run_current_data`
--

DROP TABLE IF EXISTS `rsi_evaluation_run_current_data`;
/*!40101 SET @saved_cs_client     = @@character_set_client */;
/*!40101 SET character_set_client = utf8 */;
CREATE TABLE `rsi_evaluation_run_current_data` (
  `rsi_evaluation_run_id` int(11) NOT NULL AUTO_INCREMENT,
  `symbol` varchar(45) NOT NULL,
  `curr_date` date NOT NULL,
  `current_market_trend` int(11) NOT NULL COMMENT 'trend for the current symbol/stock',
  `curr_signal` int(11) NOT NULL,
  `stop_loss_level` decimal(10,2) DEFAULT NULL,
  `stop_loss_level_price` decimal(10,2) DEFAULT NULL,
  PRIMARY KEY (`rsi_evaluation_run_id`,`symbol`,`curr_date`)
) ENGINE=InnoDB AUTO_INCREMENT=169 DEFAULT CHARSET=utf8;
/*!40101 SET character_set_client = @saved_cs_client */;

--
-- Dumping data for table `rsi_evaluation_run_current_data`
--

LOCK TABLES `rsi_evaluation_run_current_data` WRITE;
/*!40000 ALTER TABLE `rsi_evaluation_run_current_data` DISABLE KEYS */;
INSERT INTO `rsi_evaluation_run_current_data` VALUES (144,'AUROPHARMA','2017-06-16',1,1,23.67,512.40),(145,'AXISBANK','2017-06-16',0,0,0.00,0.00),(146,'BEML','2017-06-16',1,1,33.79,1233.75),(147,'BHARATFIN','2017-06-16',-1,0,0.00,0.00),(148,'BPCL','2017-06-16',-1,0,0.00,0.00),(149,'DLF','2017-06-16',0,-1,0.00,0.00),(150,'FEDERALBNK','2017-06-16',1,1,32.78,108.75),(151,'HDFC','2017-06-21',1,0,0.00,0.00),(152,'HDIL','2017-06-16',0,0,0.00,0.00),(153,'IBREALEST','2017-06-21',1,0,0.00,0.00),(154,'ICICIBANK','2017-06-16',1,0,0.00,0.00),(155,'INFY','2017-06-16',0,0,0.00,0.00),(156,'IOC','2017-06-16',-1,0,0.00,0.00),(157,'ITC','2017-06-16',1,0,0.00,0.00),(158,'JPASSOCIAT','2017-06-16',1,0,0.00,0.00),(159,'KOTAKBANK','2017-06-16',1,0,0.00,0.00),(160,'LT','2017-06-16',0,0,0.00,0.00),(161,'MARUTI','2017-06-16',1,0,0.00,0.00),(162,'RELIANCE','2017-06-21',1,0,0.00,0.00),(163,'SBIN','2017-06-16',0,0,0.00,0.00),(164,'SUNPHARMA','2017-06-16',-1,0,0.00,0.00),(165,'TATAMOTORS','2017-06-16',0,0,0.00,0.00),(166,'TCS','2017-06-16',0,0,0.00,0.00),(167,'VEDL','2017-06-16',0,0,0.00,0.00),(168,'YESBANK','2017-06-16',-1,0,0.00,0.00);
/*!40000 ALTER TABLE `rsi_evaluation_run_current_data` ENABLE KEYS */;
UNLOCK TABLES;

--
-- Table structure for table `stochastic_backtest_confidence`
--

DROP TABLE IF EXISTS `stochastic_backtest_confidence`;
/*!40101 SET @saved_cs_client     = @@character_set_client */;
/*!40101 SET character_set_client = utf8 */;
CREATE TABLE `stochastic_backtest_confidence` (
  `stochastic_evaluation_run_id` int(11) NOT NULL,
  `symbol` varchar(45) DEFAULT NULL,
  `one_day_confidence_value` float DEFAULT NULL,
  `three_day_confidence_value` float DEFAULT NULL,
  PRIMARY KEY (`stochastic_evaluation_run_id`)
) ENGINE=InnoDB DEFAULT CHARSET=utf8;
/*!40101 SET character_set_client = @saved_cs_client */;

--
-- Dumping data for table `stochastic_backtest_confidence`
--

LOCK TABLES `stochastic_backtest_confidence` WRITE;
/*!40000 ALTER TABLE `stochastic_backtest_confidence` DISABLE KEYS */;
/*!40000 ALTER TABLE `stochastic_backtest_confidence` ENABLE KEYS */;
UNLOCK TABLES;

--
-- Table structure for table `stochastic_evaluation_run_backtest_data`
--

DROP TABLE IF EXISTS `stochastic_evaluation_run_backtest_data`;
/*!40101 SET @saved_cs_client     = @@character_set_client */;
/*!40101 SET character_set_client = utf8 */;
CREATE TABLE `stochastic_evaluation_run_backtest_data` (
  `stochastic_evaluation_run_id` int(11) NOT NULL AUTO_INCREMENT,
  `symbol` varchar(45) NOT NULL,
  `curr_date` date NOT NULL,
  `current_market_trend` int(11) NOT NULL COMMENT 'trend for the current symbol/stock',
  `curr_signal` int(11) NOT NULL,
  `one_day_confidence_value` float DEFAULT NULL,
  `three_day_confidence_value` float DEFAULT NULL,
  PRIMARY KEY (`stochastic_evaluation_run_id`,`symbol`,`curr_date`)
) ENGINE=InnoDB AUTO_INCREMENT=142 DEFAULT CHARSET=utf8;
/*!40101 SET character_set_client = @saved_cs_client */;

--
-- Dumping data for table `stochastic_evaluation_run_backtest_data`
--

LOCK TABLES `stochastic_evaluation_run_backtest_data` WRITE;
/*!40000 ALTER TABLE `stochastic_evaluation_run_backtest_data` DISABLE KEYS */;
INSERT INTO `stochastic_evaluation_run_backtest_data` VALUES (124,'DLF','2016-09-28',0,-1,NULL,NULL),(124,'DLF','2016-10-05',0,-1,NULL,NULL),(124,'DLF','2016-10-07',0,-1,NULL,NULL),(124,'DLF','2017-01-03',0,-1,NULL,NULL),(124,'DLF','2017-01-04',0,-1,NULL,NULL),(124,'DLF','2017-06-15',0,-1,NULL,NULL),(129,'ICICIBANK','2016-08-01',1,-1,NULL,NULL),(129,'ICICIBANK','2016-08-02',1,-1,NULL,NULL),(129,'ICICIBANK','2016-08-03',1,-1,NULL,NULL),(129,'ICICIBANK','2016-09-26',1,-1,NULL,NULL),(129,'ICICIBANK','2016-09-27',1,-1,NULL,NULL),(129,'ICICIBANK','2016-11-04',1,-1,NULL,NULL),(129,'ICICIBANK','2016-11-07',1,-1,NULL,NULL),(129,'ICICIBANK','2017-02-28',1,-1,NULL,NULL),(129,'ICICIBANK','2017-06-14',1,-1,NULL,NULL),(129,'ICICIBANK','2017-06-15',1,-1,NULL,NULL),(132,'ITC','2017-02-14',1,-1,NULL,NULL),(132,'ITC','2017-02-15',1,-1,NULL,NULL),(132,'ITC','2017-02-16',1,-1,NULL,NULL),(132,'ITC','2017-02-17',1,-1,NULL,NULL),(132,'ITC','2017-02-20',1,-1,NULL,NULL),(132,'ITC','2017-02-21',1,-1,NULL,NULL),(132,'ITC','2017-02-22',1,-1,NULL,NULL),(132,'ITC','2017-02-23',1,-1,NULL,NULL),(132,'ITC','2017-04-06',1,-1,NULL,NULL),(132,'ITC','2017-06-13',1,-1,NULL,NULL),(132,'ITC','2017-06-14',1,-1,NULL,NULL),(132,'ITC','2017-06-15',1,-1,NULL,NULL),(134,'KOTAKBANK','2016-07-25',1,-1,NULL,NULL),(134,'KOTAKBANK','2016-09-20',1,-1,NULL,NULL),(134,'KOTAKBANK','2017-05-22',1,-1,NULL,NULL),(134,'KOTAKBANK','2017-05-23',1,-1,NULL,NULL),(134,'KOTAKBANK','2017-05-24',1,-1,NULL,NULL),(134,'KOTAKBANK','2017-06-15',1,-1,NULL,NULL),(135,'LT','2016-08-01',0,1,NULL,NULL),(135,'LT','2016-08-02',0,1,NULL,NULL),(135,'LT','2016-08-03',0,1,NULL,NULL),(135,'LT','2016-08-04',0,1,NULL,NULL),(135,'LT','2016-09-21',0,1,NULL,NULL),(135,'LT','2016-09-26',0,1,NULL,NULL),(135,'LT','2016-09-27',0,1,NULL,NULL),(135,'LT','2016-11-02',0,1,NULL,NULL),(135,'LT','2016-11-03',0,1,NULL,NULL),(135,'LT','2016-11-04',0,1,NULL,NULL),(135,'LT','2017-02-27',0,1,NULL,NULL),(135,'LT','2017-02-28',0,1,NULL,NULL),(135,'LT','2017-05-24',0,1,NULL,NULL),(139,'SUNPHARMA','2016-11-11',-1,1,NULL,NULL),(139,'SUNPHARMA','2016-11-15',-1,1,NULL,NULL),(139,'SUNPHARMA','2016-11-16',-1,1,NULL,NULL),(139,'SUNPHARMA','2016-11-17',-1,1,NULL,NULL),(139,'SUNPHARMA','2016-11-18',-1,1,NULL,NULL),(139,'SUNPHARMA','2016-11-21',-1,1,NULL,NULL),(139,'SUNPHARMA','2016-11-22',-1,1,NULL,NULL),(139,'SUNPHARMA','2016-11-23',-1,1,NULL,NULL),(139,'SUNPHARMA','2016-11-24',-1,1,NULL,NULL),(139,'SUNPHARMA','2016-11-25',-1,1,NULL,NULL),(139,'SUNPHARMA','2017-01-05',-1,1,NULL,NULL),(139,'SUNPHARMA','2017-01-06',-1,1,NULL,NULL),(139,'SUNPHARMA','2017-01-09',-1,1,NULL,NULL),(139,'SUNPHARMA','2017-01-10',-1,1,NULL,NULL),(139,'SUNPHARMA','2017-01-11',-1,1,NULL,NULL),(139,'SUNPHARMA','2017-01-12',-1,1,NULL,NULL),(139,'SUNPHARMA','2017-05-12',-1,1,NULL,NULL),(139,'SUNPHARMA','2017-05-15',-1,1,NULL,NULL),(139,'SUNPHARMA','2017-05-23',-1,1,NULL,NULL),(139,'SUNPHARMA','2017-06-15',-1,1,NULL,NULL),(141,'TCS','2016-07-18',0,1,NULL,NULL),(141,'TCS','2016-08-22',0,1,NULL,NULL),(141,'TCS','2016-08-24',0,1,NULL,NULL),(141,'TCS','2016-08-25',0,1,NULL,NULL),(141,'TCS','2016-08-26',0,1,NULL,NULL),(141,'TCS','2016-08-29',0,1,NULL,NULL),(141,'TCS','2016-11-02',0,1,NULL,NULL),(141,'TCS','2017-01-13',0,1,NULL,NULL),(141,'TCS','2017-01-16',0,1,NULL,NULL),(141,'TCS','2017-01-31',0,1,NULL,NULL),(141,'TCS','2017-02-01',0,1,NULL,NULL),(141,'TCS','2017-03-24',0,1,NULL,NULL),(141,'TCS','2017-03-27',0,1,NULL,NULL),(141,'TCS','2017-03-28',0,1,NULL,NULL),(141,'TCS','2017-03-30',0,1,NULL,NULL),(141,'TCS','2017-03-31',0,1,NULL,NULL),(141,'TCS','2017-04-03',0,1,NULL,NULL),(141,'TCS','2017-04-05',0,1,NULL,NULL),(141,'TCS','2017-04-06',0,1,NULL,NULL),(141,'TCS','2017-04-12',0,1,NULL,NULL),(141,'TCS','2017-06-13',0,1,NULL,NULL),(141,'TCS','2017-06-14',0,1,NULL,NULL),(141,'TCS','2017-06-15',0,1,NULL,NULL);
/*!40000 ALTER TABLE `stochastic_evaluation_run_backtest_data` ENABLE KEYS */;
UNLOCK TABLES;

--
-- Table structure for table `stochastic_evaluation_run_current_data`
--

DROP TABLE IF EXISTS `stochastic_evaluation_run_current_data`;
/*!40101 SET @saved_cs_client     = @@character_set_client */;
/*!40101 SET character_set_client = utf8 */;
CREATE TABLE `stochastic_evaluation_run_current_data` (
  `stochastic_evaluation_run_id` int(11) NOT NULL AUTO_INCREMENT,
  `symbol` varchar(45) NOT NULL,
  `curr_date` date NOT NULL,
  `current_market_trend` int(11) NOT NULL COMMENT 'trend for the current symbol/stock',
  `curr_signal` int(11) NOT NULL,
  PRIMARY KEY (`stochastic_evaluation_run_id`,`symbol`,`curr_date`)
) ENGINE=InnoDB AUTO_INCREMENT=144 DEFAULT CHARSET=utf8;
/*!40101 SET character_set_client = @saved_cs_client */;

--
-- Dumping data for table `stochastic_evaluation_run_current_data`
--

LOCK TABLES `stochastic_evaluation_run_current_data` WRITE;
/*!40000 ALTER TABLE `stochastic_evaluation_run_current_data` DISABLE KEYS */;
INSERT INTO `stochastic_evaluation_run_current_data` VALUES (119,'AUROPHARMA','2017-06-16',1,0),(120,'AXISBANK','2017-06-16',0,0),(121,'BEML','2017-06-16',1,0),(122,'BHARATFIN','2017-06-16',-1,0),(123,'BPCL','2017-06-16',-1,0),(124,'DLF','2017-06-16',0,-1),(125,'FEDERALBNK','2017-06-16',1,0),(126,'HDFC','2017-06-21',1,0),(127,'HDIL','2017-06-16',0,0),(128,'IBREALEST','2017-06-21',1,0),(129,'ICICIBANK','2017-06-16',1,-1),(130,'INFY','2017-06-16',0,0),(131,'IOC','2017-06-16',-1,0),(132,'ITC','2017-06-16',1,-1),(133,'JPASSOCIAT','2017-06-16',1,0),(134,'KOTAKBANK','2017-06-16',1,-1),(135,'LT','2017-06-16',0,1),(136,'MARUTI','2017-06-16',1,0),(137,'RELIANCE','2017-06-21',1,0),(138,'SBIN','2017-06-16',0,0),(139,'SUNPHARMA','2017-06-16',-1,1),(140,'TATAMOTORS','2017-06-16',0,0),(141,'TCS','2017-06-16',0,1),(142,'VEDL','2017-06-16',0,0),(143,'YESBANK','2017-06-16',-1,0);
/*!40000 ALTER TABLE `stochastic_evaluation_run_current_data` ENABLE KEYS */;
UNLOCK TABLES;

--
-- Dumping routines for database 'engine_indicators'
--
/*!50003 DROP PROCEDURE IF EXISTS `calc_rsi_confidence_by_symbol` */;
/*!50003 SET @saved_cs_client      = @@character_set_client */ ;
/*!50003 SET @saved_cs_results     = @@character_set_results */ ;
/*!50003 SET @saved_col_connection = @@collation_connection */ ;
/*!50003 SET character_set_client  = utf8 */ ;
/*!50003 SET character_set_results = utf8 */ ;
/*!50003 SET collation_connection  = utf8_general_ci */ ;
/*!50003 SET @saved_sql_mode       = @@sql_mode */ ;
/*!50003 SET sql_mode              = 'STRICT_TRANS_TABLES,NO_AUTO_CREATE_USER,NO_ENGINE_SUBSTITUTION' */ ;
DELIMITER ;;
CREATE DEFINER=`root`@`localhost` PROCEDURE `calc_rsi_confidence_by_symbol`(
input_symbol varchar(45),
input_rsi_evaluation_run_id int)
BEGIN

   -- Declare variables used just for cursor and loop control
  DECLARE no_more_rows int;
  DECLARE num_rows INT DEFAULT 0;

    DECLARE loop_counter INT DEFAULT 0;


      DECLARE var_curr_signal int DEFAULT 0;


    DECLARE var_curr_date date;

    DECLARE var_curr_avg_price float DEFAULT 0;

   DECLARE var_curr_sr_no int DEFAULT 0;


    DECLARE var_target_date date DEFAULT 0;

    DECLARE var_target_avg_price float DEFAULT 0;

    DECLARE var_one_day_total_confidence float DEFAULT 0;

    DECLARE var_three_day_total_confidence float DEFAULT 0;


    DECLARE var_one_day_avg_confidence float DEFAULT 0;

    DECLARE var_three_day_avg_confidence float DEFAULT 0;





    DECLARE rsi_backtest_data CURSOR FOR
    SELECT DISTINCT
        DATE_FORMAT(curr_date,'%Y-%m-%d'),curr_signal
    FROM engine_indicators.rsi_evaluation_run_backtest_data
    where symbol = input_symbol
    -- ORDER BY curr_date ASC
;

  -- Declare 'handlers' for exceptions
  DECLARE CONTINUE HANDLER FOR NOT FOUND
    SET no_more_rows = 1;

 OPEN rsi_backtest_data;



rally_loop : LOOP

 IF no_more_rows = 1 THEN
 LEAVE rally_loop;
 END IF;



FETCH rsi_backtest_data INTO var_curr_date,var_curr_signal;

 IF no_more_rows = 1 THEN
 LEAVE rally_loop;
 END IF;


-- calculation for 1 day

select a.SR_NO from engine_ea.market_sessions a
where    a.SESSION_DATE =   var_curr_date
into var_curr_sr_no;

select a.SESSION_DATE from engine_ea.market_sessions a
where    a.SR_NO =   var_curr_sr_no + 1
into var_target_date;

select a.AVERAGE_PRICE from   engine_indicators.equity_data_indiactors a
where a.CURR_DATE =  var_curr_date
into var_curr_avg_price;

select a.AVERAGE_PRICE from   engine_indicators.equity_data_indiactors a
where a.CURR_DATE =  var_target_date
into var_target_avg_price;


set var_one_day_total_confidence = var_one_day_total_confidence +
                                    ((var_target_avg_price-var_curr_avg_price)
                                    * 100 * 100 * var_curr_signal/(0.75*var_curr_avg_price));

update engine_indicators.rsi_evaluation_run_backtest_data a
set a.one_day_confidence_value = ((var_target_avg_price-var_curr_avg_price)
                                  * 100 * 100 * var_curr_signal/(0.75*var_curr_avg_price))
where a.symbol = input_symbol
and a.curr_date =  var_curr_date;

-- calculation for 1 day


-- calculation for 3 days


select a.SESSION_DATE from engine_ea.market_sessions a
where    a.SR_NO =   var_curr_sr_no + 3
into var_target_date;


select max(a.AVERAGE_PRICE) from   engine_indicators.equity_data_indiactors a
where 1=1
and a.CURR_DATE >  var_curr_date
and a.CURR_DATE <=  var_target_date
into var_target_avg_price;


set var_three_day_total_confidence = var_three_day_total_confidence +
                                   ((var_target_avg_price-var_curr_avg_price)
                                   * 100 * 100 * var_curr_signal/var_curr_avg_price);

update engine_indicators.rsi_evaluation_run_backtest_data a
set a.three_day_confidence_value =  ((var_target_avg_price-var_curr_avg_price)
                                    * 100 * 100 * var_curr_signal/var_curr_avg_price)
where a.symbol = input_symbol
and a.curr_date =  var_curr_date;

-- calculation for 3 days


set loop_counter = loop_counter + 1;

end loop  rally_loop;

if loop_counter > 0 then

set var_one_day_avg_confidence = var_one_day_total_confidence / loop_counter;

set var_three_day_avg_confidence = var_three_day_total_confidence / loop_counter;

replace into engine_indicators.rsi_backtest_confidence
values(input_rsi_evaluation_run_id,input_symbol,var_one_day_avg_confidence,var_three_day_avg_confidence);

end if;


close rsi_backtest_data;

END ;;
DELIMITER ;
/*!50003 SET sql_mode              = @saved_sql_mode */ ;
/*!50003 SET character_set_client  = @saved_cs_client */ ;
/*!50003 SET character_set_results = @saved_cs_results */ ;
/*!50003 SET collation_connection  = @saved_col_connection */ ;
/*!50003 DROP PROCEDURE IF EXISTS `data_accumulation` */;
/*!50003 SET @saved_cs_client      = @@character_set_client */ ;
/*!50003 SET @saved_cs_results     = @@character_set_results */ ;
/*!50003 SET @saved_col_connection = @@collation_connection */ ;
/*!50003 SET character_set_client  = utf8 */ ;
/*!50003 SET character_set_results = utf8 */ ;
/*!50003 SET collation_connection  = utf8_general_ci */ ;
/*!50003 SET @saved_sql_mode       = @@sql_mode */ ;
/*!50003 SET sql_mode              = 'STRICT_TRANS_TABLES,NO_AUTO_CREATE_USER,NO_ENGINE_SUBSTITUTION' */ ;
DELIMITER ;;
CREATE DEFINER=`root`@`localhost` PROCEDURE `data_accumulation`(
symbol_in varchar(45),
endDate date,
startDate date)
BEGIN


delete from engine_indicators.equity_data_indiactors_archive
where CURR_DATE < endDate;

replace into engine_indicators.equity_data_indiactors_archive
(select * from engine_indicators.equity_data_indiactors);

delete from engine_indicators.equity_data_indiactors;

ALTER TABLE engine_indicators.equity_data_indiactors AUTO_INCREMENT =1;


REPLACE INTO engine_indicators.equity_data_indiactors

(select NULL,SYMBOL,
CURR_DATE,
PREV_CLOSE,
OPEN_PRICE,
HIGH_PRICE,
LOW_PRICE,
LAST_PRICE,
CLOSE_PRICE,
AVERAGE_PRICE,
TOTAL_TRADED_QUANTITY,
TURNOVER,
NO_OF_TRADES,
DELIVERABLE_QTY,
PERCENT_DELIVERABLE_QTY
 from engine_ea.equity_data_main where symbol = symbol_in
and CURR_DATE between startDate and  endDate

 );

/*
delete from engine_has_pattern.market_sessions;

replace INTO engine_has_pattern.market_sessions

(select a.ROW_ID,a.CURR_DATE from engine_has_pattern.equity_data_has_pattern a);

delete from engine_has_pattern.equity_data_has_pattern  where  CURR_DATE >  endDate;

call validate_market_sessions_data(endDate,duration_days);

*/

END ;;
DELIMITER ;
/*!50003 SET sql_mode              = @saved_sql_mode */ ;
/*!50003 SET character_set_client  = @saved_cs_client */ ;
/*!50003 SET character_set_results = @saved_cs_results */ ;
/*!50003 SET collation_connection  = @saved_col_connection */ ;
/*!50003 DROP PROCEDURE IF EXISTS `INIT_DB` */;
/*!50003 SET @saved_cs_client      = @@character_set_client */ ;
/*!50003 SET @saved_cs_results     = @@character_set_results */ ;
/*!50003 SET @saved_col_connection = @@collation_connection */ ;
/*!50003 SET character_set_client  = utf8 */ ;
/*!50003 SET character_set_results = utf8 */ ;
/*!50003 SET collation_connection  = utf8_general_ci */ ;
/*!50003 SET @saved_sql_mode       = @@sql_mode */ ;
/*!50003 SET sql_mode              = 'STRICT_TRANS_TABLES,NO_AUTO_CREATE_USER,NO_ENGINE_SUBSTITUTION' */ ;
DELIMITER ;;
CREATE DEFINER=`root`@`localhost` PROCEDURE `INIT_DB`()
BEGIN


delete from engine_indicators.equity_data_indiactors_archive
where CURR_DATE < curdate();

DELETE FROM engine_indicators.stochastic_evaluation_run_current_data;

DELETE FROM engine_indicators.stochastic_evaluation_run_backtest_data;

DELETE FROM engine_indicators.rsi_evaluation_run_current_data;

DELETE FROM engine_indicators.rsi_evaluation_run_backtest_data;

END ;;
DELIMITER ;
/*!50003 SET sql_mode              = @saved_sql_mode */ ;
/*!50003 SET character_set_client  = @saved_cs_client */ ;
/*!50003 SET character_set_results = @saved_cs_results */ ;
/*!50003 SET collation_connection  = @saved_col_connection */ ;
/*!40103 SET TIME_ZONE=@OLD_TIME_ZONE */;

/*!40101 SET SQL_MODE=@OLD_SQL_MODE */;
/*!40014 SET FOREIGN_KEY_CHECKS=@OLD_FOREIGN_KEY_CHECKS */;
/*!40014 SET UNIQUE_CHECKS=@OLD_UNIQUE_CHECKS */;
/*!40101 SET CHARACTER_SET_CLIENT=@OLD_CHARACTER_SET_CLIENT */;
/*!40101 SET CHARACTER_SET_RESULTS=@OLD_CHARACTER_SET_RESULTS */;
/*!40101 SET COLLATION_CONNECTION=@OLD_COLLATION_CONNECTION */;
/*!40111 SET SQL_NOTES=@OLD_SQL_NOTES */;

-- Dump completed on 2017-06-23 22:59:36
